City_ID,City,Lat,Lng,Max Temp,Humidity,Cloudiness,Wind Speed,Country,Date
0,grytviken,-54.2811,-36.5092,4.0,82,100,2.88,GS,1736445377
1,vorkuta,67.5,64.0,-14.5,88,100,6.58,RU,1736445378
2,sola,-13.8833,167.55,26.49,81,98,2.1,VU,1736445379
3,elverum,60.8819,11.5623,-8.74,96,99,1.55,NO,1736445380
4,stanley,54.868,-1.6985,-1.57,81,0,4.63,GB,1736445382
5,punta arenas,-53.15,-70.9167,15.06,36,0,11.32,CL,1736445383
6,paramaribo,5.8667,-55.1667,31.95,55,40,3.09,SR,1736445384
7,hithadhoo,-0.6,73.0833,27.97,72,92,1.92,MV,1736445385
8,invercargill,-46.4,168.35,11.68,91,98,2.07,NZ,1736445386
9,kuta,-8.7233,115.1723,26.97,94,75,4.12,ID,1736445388
10,puerto natales,-51.7236,-72.4875,16.25,36,40,9.77,CL,1736445389
11,turka,49.1541,23.0297,7.23,83,100,7.17,UA,1736445390
12,rossosh',51.1209,38.5116,3.72,73,100,2.52,RU,1736445391
13,margaret river,-33.95,115.0667,14.85,83,100,2.96,AU,1736445392
14,tazacorte,28.629,-17.9293,21.19,71,20,2.57,ES,1736445394
15,waitangi,-43.9535,-176.5597,11.01,88,87,4.02,NZ,1736445395
16,taulaga,-11.0553,-171.0883,28.38,68,96,9.73,AS,1736445396
17,seoni malwa,22.45,77.4667,14.41,35,9,2.67,IN,1736445397
18,kigonsera,-10.8,35.05,16.52,98,83,1.44,TZ,1736445398
19,olonkinbyen,70.9221,-8.7187,-3.86,75,100,10.27,SJ,1736445400
20,khanty-mansiysk,61.0042,69.0019,-10.94,85,75,7.0,RU,1736445401
21,smirnykh,49.75,142.8333,-10.96,88,95,4.83,RU,1736445402
22,fort mcmurray,56.7268,-111.381,-10.23,92,100,3.09,CA,1736445133
23,urzhar,47.093,81.6294,-10.14,91,100,2.55,KZ,1736445404
24,ulanhot,46.0833,122.0833,-18.04,75,1,2.81,CN,1736445406
25,lebu,-37.6167,-73.65,17.54,72,1,7.65,CL,1736445407
26,talnakh,69.4865,88.3972,-26.77,97,32,1.13,RU,1736445408
27,vernon,50.2581,-119.2691,1.63,84,95,0.51,CA,1736445308
28,ushuaia,-54.8,-68.3,10.81,62,75,11.32,AR,1736445411
29,aykhal,66.0,111.5,-22.23,100,100,1.49,RU,1736445412
30,tura,25.5198,90.2201,13.12,73,1,1.43,IN,1736445413
31,edinburgh of the seven seas,-37.0676,-12.3116,17.78,93,100,5.48,SH,1736445414
32,bredasdorp,-34.5322,20.0403,21.34,71,0,9.63,ZA,1736445417
33,salahonda,2.1019,-78.7217,26.14,84,97,7.01,CO,1736445418
34,tiksi,71.6872,128.8694,-25.46,97,33,5.49,RU,1736445419
35,adamstown,-25.066,-130.1015,24.78,77,100,9.43,PN,1736445420
36,nova vicosa,-17.8919,-39.3719,28.3,67,100,4.55,BR,1736445421
37,carnarvon,-24.8667,113.6333,25.03,67,54,9.29,AU,1736445423
38,bethel,41.3712,-73.414,0.9,54,0,6.71,US,1736445424
39,anadyr,64.75,177.4833,-30.56,74,0,4.0,RU,1736445425
40,lorengau,-2.0226,147.2712,28.2,75,20,3.44,PG,1736445426
41,manta,-0.95,-80.7333,28.88,65,100,2.56,EC,1736445393
42,kone,-21.0595,164.8658,21.56,86,69,1.97,NC,1736445429
43,edson,53.5835,-116.4356,-9.92,85,82,1.03,CA,1736445430
44,port-aux-francais,-49.35,70.2167,4.83,92,95,22.4,TF,1736445431
45,hundested,55.9667,11.8667,1.09,95,97,3.38,DK,1736445432
46,grants pass,42.439,-123.3284,13.38,100,100,5.14,US,1736445434
47,muroto-misakicho,33.2833,134.15,3.83,61,81,10.04,JP,1736445435
48,vorgashor,67.5833,63.95,-14.91,90,100,6.9,RU,1736445436
49,colonia rincon viejo,16.9,-95.05,20.07,85,100,4.32,MX,1736445437
50,howard springs,-12.497,131.047,26.01,92,58,2.5,AU,1736445438
51,zyrya,40.3661,50.2917,6.05,87,0,3.76,AZ,1736445440
52,georgetown,5.4112,100.3354,27.96,68,20,2.57,MY,1736445441
53,santiago de cao,-7.9589,-79.2392,19.07,88,75,4.63,PE,1736445442
54,port lincoln,-34.7333,135.8667,17.37,83,30,4.31,AU,1736445443
55,qui nhon,13.7667,109.2333,21.48,89,100,5.35,VN,1736445445
56,blackmans bay,-43.0167,147.3167,13.62,91,13,0.45,AU,1736445446
57,mabaruma,8.2,-59.7833,30.5,49,25,3.44,GY,1736445447
58,kikwit,-5.041,18.8162,25.17,79,96,0.29,CD,1736445448
59,kuanda,56.3161,116.0806,-31.07,96,11,0.52,RU,1736445449
60,laguna,38.421,-121.4238,11.8,82,0,2.06,US,1736445451
61,abou el hassan,36.4166,1.1962,16.69,82,87,3.45,DZ,1736445452
62,bereznik,62.8551,42.7072,-9.4,85,100,5.1,RU,1736445453
63,wailua homesteads,22.0669,-159.378,20.44,95,100,3.6,US,1736445454
64,yung shue wan,22.2333,114.1167,15.93,52,29,5.64,HK,1736445456
65,petropavlovsk-kamchatsky,53.0452,158.6483,-13.67,56,0,3.0,RU,1736445457
66,queenstown,-31.8976,26.8753,20.85,70,32,3.72,ZA,1736445458
67,independence,39.0911,-94.4155,1.04,65,75,4.12,US,1736445459
68,ilomantsi,62.6716,30.9328,-20.79,99,7,1.26,FI,1736445460
69,hancheng,32.5186,112.3522,-1.2,29,2,1.57,CN,1736445462
70,college,64.8569,-147.8028,-12.01,82,75,0.0,US,1736445463
71,san juan de miraflores,-12.1629,-76.9635,20.29,77,97,3.35,PE,1736445464
72,iqaluit,63.7506,-68.5145,-17.15,77,100,0.0,CA,1736445465
73,hell-ville,-13.4,48.2667,26.13,77,98,2.42,MG,1736445466
74,anastasiyevskaya,45.2158,37.8926,9.06,74,9,2.94,RU,1736445468
75,pryluky,50.5932,32.3876,3.53,80,99,5.76,UA,1736445469
76,la ronge,55.1001,-105.2842,-11.86,72,75,6.69,CA,1736445470
77,lugus,5.7036,120.8203,28.24,74,83,1.46,PH,1736445471
78,ghat,24.9647,10.1728,14.04,23,14,2.76,LY,1736445472
79,okha,53.5739,142.9478,-18.01,95,89,7.36,RU,1736445474
80,ixtapa,20.7,-105.2,24.57,80,100,0.45,MX,1736445475
81,new norfolk,-42.7826,147.0587,14.28,96,4,0.98,AU,1736445476
82,west island,-12.1568,96.8225,25.99,94,100,5.14,CC,1736445477
83,toliara,-23.35,43.6667,28.18,76,80,3.97,MG,1736445479
84,porto novo,6.4965,2.6036,29.9,73,58,3.8,BJ,1736445480
85,dzerzhinskoye,56.8344,95.2283,-13.94,87,36,1.72,RU,1736445481
86,enewetak,11.3474,162.3373,27.08,82,30,11.4,MH,1736445482
87,san martin de los andes,-40.1604,-71.3486,24.56,17,59,3.45,AR,1736445483
88,lihue,21.9789,-159.3672,20.77,100,100,3.6,US,1736445232
89,ilulissat,69.2167,-51.1,-24.08,90,64,3.73,GL,1736445486
90,turuntayevo,52.2,107.6167,-24.51,97,23,0.32,RU,1736445487
91,gadzhiyevo,69.2551,33.3362,-3.71,73,100,2.93,RU,1736445488
92,ballina,-28.8667,153.5667,20.41,88,58,1.33,AU,1736445489
93,kristiansund,63.1115,7.732,-3.64,80,75,1.54,NO,1736445491
94,berdigestyakh,62.0989,126.6992,-31.22,97,76,1.18,RU,1736445492
95,thompson,55.7435,-97.8558,-11.91,79,75,7.2,CA,1736445493
96,chom thong,18.4174,98.6743,21.01,63,13,0.81,TH,1736445494
97,albany,42.6001,-73.9662,-5.39,66,67,7.15,US,1736445495
98,copala,16.65,-98.9833,28.62,56,73,2.93,MX,1736445498
99,guajara mirim,-10.7828,-65.3394,32.09,48,0,4.12,BR,1736445499
100,holualoa,19.6228,-155.9522,20.48,81,0,0.0,US,1736445500
101,coquimbo,-29.9533,-71.3436,19.85,77,100,5.14,CL,1736445501
102,hawaiian paradise park,19.5933,-154.9731,21.61,99,100,2.57,US,1736445503
103,pariaman,-0.619,100.12,25.03,79,100,1.94,ID,1736445504
104,saipan,15.1355,145.701,26.47,91,75,6.69,MP,1736445506
105,avarua,-21.2078,-159.775,26.03,94,100,8.75,CK,1736445508
106,hermanus,-34.4187,19.2345,22.11,78,8,8.09,ZA,1736445512
107,yeppoon,-23.1333,150.7333,24.59,80,35,3.83,AU,1736445513
108,san juan nepomuceno,9.9516,-75.082,32.12,43,46,1.18,CO,1736445514
109,hamilton,39.1834,-84.5333,-2.51,61,6,1.34,US,1736445515
110,shahpur,16.7,76.8333,20.39,58,0,3.31,IN,1736445517
111,yellowknife,62.456,-114.3525,-26.71,76,75,1.54,CA,1736445311
112,bel ombre,-4.6167,55.4167,26.91,94,20,1.54,SC,1736445519
113,iquique,-20.2208,-70.1431,21.26,76,65,2.47,CL,1736445520
114,acarau,-2.8856,-40.12,30.55,60,33,7.64,BR,1736445521
115,lagoa,39.05,-27.9833,17.75,90,100,8.85,PT,1736445522
116,east london,-33.0153,27.9116,25.52,73,0,3.09,ZA,1736445524
117,iquitos,-3.7481,-73.2472,31.02,70,75,2.57,PE,1736445453
118,linxia chengguanzhen,35.6003,103.2064,-6.24,71,100,1.61,CN,1736445526
119,kodiak,57.79,-152.4072,2.73,87,100,9.26,US,1736445527
120,gafsa,34.425,8.7842,13.12,44,0,4.12,TN,1736445528
121,santiago,-33.4569,-70.6483,31.36,38,0,7.72,CL,1736445823
122,monaragala,6.8714,81.3487,22.51,93,59,2.72,LK,1736445824
123,sao jose da coroa grande,-8.8978,-35.1478,28.75,65,100,6.03,BR,1736445826
124,arraial do cabo,-22.9661,-42.0278,24.98,94,100,5.14,BR,1736445827
125,villanueva del trabuco,37.0479,-4.3221,12.44,73,34,1.34,ES,1736445828
126,olavarria,-36.8927,-60.3225,38.16,13,49,0.49,AR,1736445829
127,kontagora,10.3999,5.4695,27.56,14,5,2.14,NG,1736445831
128,merritt,50.1123,-120.7942,0.18,88,99,1.79,CA,1736445832
129,kidal,18.4411,1.4078,22.32,12,99,4.84,ML,1736445833
130,roma,43.2128,-75.4557,-7.57,83,100,8.75,US,1736445834
131,hellin,38.5106,-1.701,12.14,57,20,4.54,ES,1736445835
132,umm kaddadah,13.6017,26.6876,21.99,19,2,5.23,SD,1736445845
133,island harbour,50.724,-1.2758,4.45,83,21,2.68,GB,1736445846
134,mermoz boabab,14.7065,-17.4758,24.88,57,0,5.14,SN,1736445848
135,pontes e lacerda,-15.2261,-59.3353,27.66,80,100,3.18,BR,1736445849
136,rantepao,-2.9701,119.8978,19.17,95,100,1.26,ID,1736445850
137,tralee,52.2704,-9.7026,-0.86,100,93,1.54,IE,1736445851
138,santana,-0.0583,-51.1817,31.1,66,40,5.14,BR,1736446321
139,lerwick,60.1545,-1.1494,4.13,58,84,10.21,GB,1736446322
140,nagqu,31.5,92.0,-10.47,19,100,1.1,CN,1736447528
141,kapa'a,22.0752,-159.319,21.38,95,100,5.14,US,1736447529
142,sunne,59.8376,13.143,-5.04,91,93,3.3,SE,1736447531
143,la baneza,42.3003,-5.8977,8.14,95,100,1.7,ES,1736447532
144,laibin,23.7,109.2667,7.6,57,100,7.62,CN,1736448463
145,bamboo flat,11.7,92.7167,27.05,83,100,2.06,IN,1736448465
146,bardsir,29.9227,56.5743,1.79,62,15,1.54,IR,1736448466
147,whistler,50.1164,-122.9695,0.57,93,100,0.0,CA,1736449021
148,yaren,-0.5472,166.916,27.46,73,99,7.0,NR,1736449022
149,afaahiti,-17.75,-149.2833,27.1,74,51,4.58,PF,1736449222
150,acopiara,-6.0953,-39.4525,34.38,33,100,3.55,BR,1736449223
151,santa maria,-29.6842,-53.8069,30.61,51,20,5.66,BR,1736449225
152,saint-leu,-21.15,55.2833,27.48,96,24,1.81,RE,1736449226
153,candon,17.1947,120.4517,22.82,83,7,2.29,PH,1736449227
154,puerto armuelles,8.2833,-82.8667,25.61,81,100,0.45,PA,1736449264
155,callao,-12.0667,-77.15,22.16,78,20,4.12,PE,1736449265
156,san patricio,28.017,-97.5169,6.97,83,100,6.04,US,1736449266
157,bardai,11.65,7.2333,19.61,22,2,4.22,NG,1736449268
158,madaba,31.5833,35.6667,15.1,46,0,5.36,JO,1736449269
159,port mathurin,-19.6833,63.4167,26.32,90,100,10.99,MU,1736449278
160,atafu village,-8.5421,-172.5159,28.09,69,100,9.5,TK,1736449279
161,weno,7.4515,151.8468,28.51,76,32,9.44,FM,1736449280
162,kurtamysh,54.9103,64.4319,-3.5,76,100,10.15,RU,1736449282
163,dudinka,69.4058,86.1778,-32.22,100,67,0.75,RU,1736449283
164,calvinia,-31.4707,19.776,17.46,57,0,3.51,ZA,1736449284
165,ghadamis,30.1337,9.5007,12.41,37,0,2.51,LY,1736449287
166,powell river,49.8496,-124.5361,7.15,100,100,1.54,CA,1736449289
167,at taj,24.2049,23.2857,12.02,50,0,4.84,LY,1736449290
168,lhasa,29.65,91.1,-3.14,19,1,1.76,CN,1736449291
169,kerikeri,-35.2268,173.9474,17.73,92,90,1.47,NZ,1736449292
170,la passe,45.5549,-0.8967,8.67,72,100,1.65,FR,1736449293
171,byron bay,-28.65,153.6167,20.45,88,99,1.29,AU,1736449298
172,puerto ayora,-0.7393,-90.3518,26.42,89,99,2.24,EC,1736449299
173,isafjordur,66.0755,-23.124,1.02,60,75,7.2,IS,1736449300
174,new plymouth,-39.0667,174.0833,13.51,100,3,4.79,NZ,1736449302
175,igarka,67.4667,86.5833,-30.52,100,60,2.51,RU,1736449303
176,tazovsky,67.4667,78.7,-24.66,100,97,3.9,RU,1736449304
177,mandiana,10.6333,-8.6833,28.87,16,100,2.2,GN,1736449997
178,yuzhno-kurilsk,44.0306,145.8556,-1.59,72,100,3.9,RU,1736449998
179,egilsstadir,65.2653,-14.3948,-16.05,78,0,1.03,IS,1736450000
180,pokrovsk,48.282,37.1758,5.35,90,93,3.3,UA,1736450001
181,ta`u,-14.2336,-169.5144,28.06,78,94,10.83,AS,1736450002
182,iskateley,67.6803,53.1512,-7.12,95,100,5.12,RU,1736450003
183,ulsteinvik,62.3432,5.8487,-0.69,77,64,0.45,NO,1736450004
184,vadso,70.0744,29.7487,-6.91,86,20,6.69,NO,1736450005
185,at-bashi,41.1702,75.8106,-17.56,56,0,1.68,KG,1736450007
186,gaiman,-43.2897,-65.4929,19.11,34,100,8.44,AR,1736450008
187,curitibanos,-27.2828,-50.5844,25.24,47,41,2.34,BR,1736450009
188,tolanaro,-25.0319,46.9987,26.03,93,100,5.19,MG,1736450010
189,yorkton,51.2167,-102.4677,-3.09,80,100,10.29,CA,1736450011
190,cromwell,41.5951,-72.6454,0.58,54,0,8.23,US,1736450013
191,broken hill,-31.95,141.4333,23.51,34,6,4.77,AU,1736450014
192,nova sintra,14.8667,-24.7167,23.84,73,0,8.47,CV,1736450015
193,dunedin,-45.8742,170.5036,11.94,82,100,1.63,NZ,1736450016
194,shiyan,32.6475,110.7781,-0.75,46,100,0.48,CN,1736450017
195,canutama,-6.5339,-64.3831,29.59,74,86,1.7,BR,1736450018
196,kharovsk,59.9642,40.1912,-2.52,96,100,4.17,RU,1736450019
197,christchurch,-43.5333,172.6333,14.95,78,20,4.12,NZ,1736449732
198,touros,-5.1989,-35.4608,28.51,71,64,5.39,BR,1736450022
199,jamaame,0.0697,42.745,24.6,83,89,4.68,SO,1736450023
200,jiwani,25.05,61.7417,20.37,44,0,0.8,PK,1736450025
201,zagorz,49.5146,22.2671,8.96,82,100,6.63,PL,1736450027
202,ustyuzhna,58.8394,36.4321,-2.64,92,100,4.2,RU,1736450029
203,ancud,-41.8697,-73.8203,16.07,52,0,4.52,CL,1736450030
204,mangrol,21.1167,70.1167,21.19,58,11,1.32,IN,1736450033
205,qaqortoq,60.7167,-46.0333,-10.87,71,14,2.91,GL,1736450034
206,aasiaat,68.7098,-52.8699,-15.49,89,93,4.38,GL,1736450035
207,fada,7.25,4.0667,26.61,36,98,2.07,NG,1736450036
208,magadan,59.5667,150.8,-18.9,84,2,3.37,RU,1736450037
209,kamaishi,39.2667,141.8833,-3.28,69,0,3.52,JP,1736450038
210,onega,63.9061,38.1404,-11.98,89,88,4.36,RU,1736450040
211,walvis bay,-22.9575,14.5053,18.62,79,100,4.76,NA,1736450041
212,ola,59.5833,151.2833,-19.99,83,0,3.87,RU,1736450042
213,constantia,44.1833,28.65,8.38,92,0,4.1,RO,1736450043
214,pisco,-13.7,-76.2167,25.03,61,0,7.72,PE,1736450044
215,susuman,62.7833,148.1667,-30.53,99,100,0.55,RU,1736450046
216,praia da vitoria,38.7333,-27.0667,18.14,88,40,10.94,PT,1736450047
217,cherokee,34.2668,-84.4499,5.08,39,0,3.6,US,1736450048
218,okhotsk,59.3833,143.3,-20.87,79,2,5.11,RU,1736450049
219,camana,-16.6228,-72.7111,23.06,72,75,3.68,PE,1736450050
220,papatowai,-46.5619,169.4708,11.5,81,100,1.43,NZ,1736450051
221,necochea,-38.5473,-58.7368,30.05,33,64,8.75,AR,1736450052
222,nema,57.5067,50.5011,-1.5,87,100,4.07,RU,1736450054
223,levuka,50.1834,-105.4011,-3.15,74,20,11.83,CA,1736450055
224,itoman,26.1247,127.6694,14.21,62,100,12.86,JP,1736450056
225,bilibino,68.0546,166.4372,-29.31,98,100,0.95,RU,1736450057
226,keflavik,64.0049,-22.5624,0.24,74,100,4.12,IS,1736450058
227,kodinsk,58.6881,99.1844,-18.8,100,69,1.73,RU,1736450059
228,tucumcari,35.1717,-103.725,0.91,80,100,11.32,US,1736450061
229,chonchi,-42.6128,-73.8092,18.45,39,6,1.14,CL,1736450063
230,buta,2.7858,24.73,25.07,35,100,0.72,CD,1736450064
231,luanco,43.6152,-5.7934,14.05,93,96,1.42,ES,1736450065
232,geraldton,-28.7667,114.6,18.23,88,65,3.6,AU,1736449807
233,buncrana,55.1333,-7.45,-1.13,80,90,2.04,IE,1736450068
234,nova xavantina,-14.6667,-52.35,23.24,96,95,2.9,BR,1736450069
235,zinjibar,13.1287,45.3807,24.32,72,0,3.78,YE,1736450070
236,narrabri,-30.3167,149.7833,20.68,69,100,1.56,AU,1736450071
237,illizi,26.4833,8.4667,13.17,23,4,2.71,DZ,1736450072
238,kenai,60.5544,-151.2583,1.12,99,100,9.26,US,1736450074
239,yarmouth,41.7057,-70.2286,-2.21,69,75,14.31,US,1736450075
240,kilindoni,-7.9139,39.6668,27.53,73,13,4.51,TZ,1736450076
241,vila franca do campo,37.7167,-25.4333,18.23,95,100,6.98,PT,1736450077
242,guerrero negro,27.9769,-114.0611,18.52,33,0,5.66,MX,1736450078
243,howrah,22.5892,88.3103,15.0,77,4,2.57,IN,1736450079
244,eilat,29.5581,34.9482,17.91,29,0,2.06,IL,1736449971
245,berbera,10.4396,45.0143,24.15,72,2,3.77,SO,1736450082
246,pechora,65.1472,57.2244,-9.96,92,100,7.14,RU,1736450083
247,mount gambier,-37.8333,140.7667,16.55,72,100,1.67,AU,1736450087
248,key west,24.5557,-81.7826,18.0,43,0,6.69,US,1736450088
249,port elizabeth,-33.918,25.5701,21.29,91,20,2.57,ZA,1736450089
250,hovd,48.0056,91.6419,-19.0,75,4,2.26,MN,1736450090
251,horta,38.5333,-28.6333,18.9,94,75,11.18,PT,1736450091
252,klyuchi,52.2667,79.1667,-6.47,95,100,5.88,RU,1736450093
253,zilair,52.2332,57.4392,-6.54,79,28,6.26,RU,1736450094
254,huangyan,28.6478,121.2594,2.12,41,74,3.57,CN,1736450095
255,saudarkrokur,65.7461,-19.6394,-8.99,81,52,7.73,IS,1736450096
256,sabang,5.8933,95.3214,28.9,67,100,6.86,ID,1736450097
257,sitka,57.0531,-135.33,6.17,96,100,3.7,US,1736449812
258,belozersk,60.0326,37.7957,-2.69,94,100,3.89,RU,1736450100
259,viljandi,58.3639,25.59,-1.15,93,100,2.74,EE,1736450101
260,batamshinskiy,50.5594,58.2747,-5.57,73,99,10.7,KZ,1736450102
261,kasungu,-13.0333,33.4833,19.23,96,100,2.91,MW,1736450103
262,tarija,-21.5355,-64.7296,23.95,53,75,4.12,BO,1736450104
263,goondiwindi,-28.55,150.3167,21.4,78,8,4.29,AU,1736450105
264,margate,51.3813,1.3862,1.5,79,6,0.45,GB,1736450107
265,kuraymah,18.55,31.85,19.8,29,0,4.84,SD,1736450108
266,kovdor,67.5662,30.4758,-24.59,100,97,1.38,RU,1736450109
267,utrik,11.2278,169.8474,26.89,77,6,10.73,MH,1736450110
268,wotje,9.4543,170.2367,26.98,79,24,10.34,MH,1736450111
269,viqueque,-8.8673,126.3658,23.97,92,100,2.36,TL,1736450112
270,ciudad acuna,29.3232,-100.9522,4.16,89,100,6.69,MX,1736450114
271,gaigeturi,33.4644,126.3183,2.03,60,75,5.14,KR,1736450115
272,opuwo,-18.0607,13.84,24.38,37,100,4.29,NA,1736450116
273,yashkul',46.1711,45.3435,6.06,81,6,3.38,RU,1736450117
274,vakarai,55.6035,23.8213,-0.23,99,99,3.74,LT,1736450118
275,juan aldama,24.2908,-103.3944,15.9,51,37,17.48,MX,1736450119
276,badger,64.8,-147.5333,-9.45,89,0,1.54,US,1736450121
277,sretensk,52.2453,117.7093,-31.74,100,38,0.6,RU,1736450122
278,fortuna,40.5982,-124.1573,14.99,82,0,3.09,US,1736450123
279,hsinchu,24.8036,120.9686,12.16,61,77,3.13,TW,1736450124
280,san miguel,13.4833,-88.1833,34.07,37,100,0.83,SV,1736450125
281,fort walton beach,30.4058,-86.6188,11.12,39,0,4.63,US,1736450126
282,al qaryatayn,34.2296,37.2407,8.52,51,100,4.59,SY,1736450128
283,polyarnyy,69.1989,33.4478,-4.16,74,100,2.8,RU,1736450129
284,mount pearl,47.5166,-52.7813,1.09,81,75,7.2,CA,1736450130
285,indramayu,-6.3264,108.32,26.11,86,100,4.72,ID,1736450442
286,stiens,53.2623,5.7577,3.88,76,100,5.66,NL,1736450443
287,masterton,-40.9597,175.6575,10.03,80,5,1.1,NZ,1736450444
288,suva,-18.1416,178.4415,24.71,88,75,2.57,FJ,1736450445
289,arkhangel'sk,64.5401,40.5433,-3.94,93,75,9.0,RU,1736450446
290,la junta,37.985,-103.5438,-0.46,74,100,12.35,US,1736450447
291,ust-nera,64.5667,143.2,-30.91,99,100,1.41,RU,1736450449
292,malango,-2.9627,119.9001,18.71,94,100,1.39,ID,1736450450
293,al qusayr,34.5091,36.5798,11.05,46,100,1.49,SY,1736450451
294,changji,44.0167,87.3167,-9.56,92,10,1.0,CN,1736450453
295,kolonia town,6.964,158.206,28.0,78,100,2.57,FM,1736450455
296,port alfred,-33.5906,26.891,22.32,94,0,0.45,ZA,1736450456
297,port-vila,-17.7338,168.3219,22.78,94,20,1.54,VU,1736450457
298,hammerfest,70.6634,23.6821,-10.75,67,0,1.54,NO,1736450458
299,kill devil hills,36.0307,-75.676,3.01,38,0,5.66,US,1736450459
300,princeville,45.7668,-61.2985,0.86,92,100,6.17,CA,1736450460
301,shahr-e babak,30.1165,55.1186,3.41,54,0,1.62,IR,1736450462
302,akjoujt,19.6969,-14.4164,24.61,11,0,3.92,MR,1736450463
303,longyearbyen,78.2186,15.6401,-2.09,86,100,4.63,SJ,1736450464
304,takoradi,4.8845,-1.7554,27.14,79,20,4.08,GH,1736450465
305,svetlyy yar,48.4748,44.781,5.82,89,100,2.35,RU,1736450468
306,hwange,-18.3693,26.5019,21.24,87,100,0.78,ZW,1736450469
307,meulaboh,4.1363,96.1285,24.8,89,100,1.81,ID,1736450470
308,tual,-5.6667,132.75,28.97,74,68,6.63,ID,1736450471
309,fort bragg,35.139,-79.006,3.79,36,0,6.17,US,1736450472
310,whitehorse,60.7161,-135.0538,0.01,92,75,8.75,CA,1736450473
311,siavonga,-16.5382,28.7088,26.25,72,100,3.59,ZM,1736450475
312,greymouth,-42.4667,171.2,15.67,81,100,1.7,NZ,1736450476
313,san antonio de pale,-1.4014,5.6325,26.91,82,21,4.4,GQ,1736450477
314,qeshm,26.9581,56.2719,20.69,38,0,6.56,IR,1736450478
315,ormara,25.2088,64.6357,21.4,49,0,0.12,PK,1736450479
316,lazaro cardenas,17.9583,-102.2,28.06,60,100,3.77,MX,1736450240
317,xinzhou,38.4092,112.7333,-8.03,31,7,0.56,CN,1736450482
318,buka,40.8108,69.1986,-0.36,40,0,0.82,UZ,1736450483
319,dingli,35.8614,14.3822,14.9,82,20,3.09,MT,1736450484
320,hengchun,22.0042,120.7439,17.66,74,100,11.24,TW,1736450485
321,labytnangi,66.6572,66.4183,-12.75,95,100,5.21,RU,1736450486
322,mount isa,-20.7333,139.5,27.87,74,7,3.6,AU,1736450397
323,port douglas,-16.4833,145.4667,25.27,80,31,1.63,AU,1736450489
324,sidney,-33.8679,151.2073,20.4,88,75,3.09,AU,1736450471
325,zvenigovo,55.9742,48.0181,-1.68,92,100,4.05,RU,1736450491
326,myeik,12.4333,98.6,24.11,71,38,2.11,MM,1736450492
327,ouadda,8.0777,22.4007,23.25,22,100,2.37,CF,1736450494
328,swinoujscie,53.9105,14.2471,0.08,100,100,3.6,PL,1736450495
329,santa rosalia,27.3167,-112.2833,17.15,39,0,2.57,MX,1736450496
330,codrington,-38.2667,141.9667,17.23,80,78,1.97,AU,1736450497
331,newman,37.3138,-121.0208,13.36,68,0,0.89,US,1736450438
332,udachny,66.4167,112.4,-21.16,100,100,1.54,RU,1736450499
333,urangan,-25.3,152.9,24.45,77,35,2.38,AU,1736450501
334,krasnoyarskaya,47.6501,42.0443,6.35,92,66,0.64,RU,1736450502
335,zaozersk,69.4005,32.4476,-12.67,94,97,2.34,RU,1736450503
336,nyandoma,61.669,40.1991,-16.31,100,100,2.3,RU,1736450504
337,santa ana,33.7456,-117.8678,24.09,19,20,3.6,US,1736450385
338,saint-pierre,-21.3393,55.4781,27.82,65,0,8.75,RE,1736450506
339,kalundborg,55.6795,11.0886,4.01,77,62,3.81,DK,1736450508
340,ebaye,8.7748,167.7392,26.01,89,75,7.72,MH,1736450509
341,wetaskiwin,52.9668,-113.3687,-5.81,87,17,1.86,CA,1736450510
342,labrador city,52.9463,-66.9114,-1.05,81,100,11.18,CA,1736450511
343,saint-philippe,-21.3585,55.7679,26.37,85,25,5.18,RE,1736450512
344,alofi,-19.0595,-169.9187,25.94,83,40,3.09,NU,1736450513
345,beyneu,45.3167,55.2,-1.95,59,5,5.75,KZ,1736450515
346,kloulklubed,7.0419,134.2556,28.51,77,100,8.65,PW,1736450516
347,nemuro,43.3236,145.575,-2.42,63,60,1.35,JP,1736450517
348,isiro,2.7739,27.616,21.91,39,81,1.11,CD,1736450518
349,pader palwo,2.8006,33.135,26.42,37,24,3.06,UG,1736450519
350,cuatro cienegas de carranza,26.9833,-102.0833,3.81,85,100,0.47,MX,1736450520
351,crane,31.3974,-102.3501,5.82,52,97,2.53,US,1736450522
352,port augusta,-32.5,137.7667,20.43,59,16,4.86,AU,1736450408
353,haiku-pauwela,20.9219,-156.3051,24.57,76,40,8.05,US,1736450524
354,westport,41.1415,-73.3579,2.75,50,53,5.81,US,1736450525
355,lompoc,34.6391,-120.4579,20.94,42,0,2.06,US,1736450526
356,noshiro,40.2039,140.0242,-0.11,53,100,8.18,JP,1736450527
357,kununurra,-15.7667,128.7333,23.99,94,75,5.66,AU,1736450529
358,bam,29.106,58.357,10.93,30,100,3.67,IR,1736450530
359,ribeira grande,38.5167,-28.7,19.32,94,75,12.52,PT,1736450531
360,idiroko,6.6333,2.7333,26.57,75,32,3.17,NG,1736450532
361,tosontsengel,48.7567,98.2839,-21.24,96,100,0.74,MN,1736450533
362,coari,-4.085,-63.1414,29.1,75,100,1.74,BR,1736450535
363,vilhena,-12.7406,-60.1458,25.12,83,40,1.54,BR,1736450536
364,kisangani,0.5167,25.2,25.2,94,100,0.0,CD,1736450537
365,belyy yar,53.6039,91.3903,-13.06,100,100,2.0,RU,1736450538
366,langfang,39.5097,116.6947,-5.54,35,0,2.01,CN,1736450539
367,saveh,35.0213,50.3566,7.11,48,0,1.07,IR,1736450542
368,tanumah,27.1,44.1333,12.01,56,100,1.31,SA,1736450544
369,wanning,18.8003,110.3967,18.33,79,22,5.75,CN,1736450545
370,as sulayyil,20.4607,45.5779,14.34,46,8,3.7,SA,1736450546
371,eisen,36.8217,128.6308,-13.83,51,0,1.1,KR,1736450329
372,sona,45.4388,10.8255,7.14,100,75,2.06,IT,1736450548
373,carahue,-38.7,-73.1667,22.56,39,0,4.78,CL,1736450549
374,ta'izz,13.5,44.0,16.1,80,7,3.47,YE,1736450551
375,tame,6.461,-71.73,32.99,34,89,4.29,CO,1736450552
376,ramadi,33.4226,43.3058,13.52,42,0,3.47,IQ,1736450553
377,'ali al gharbi,32.4633,46.6864,16.01,41,0,3.52,IQ,1736450554
378,namibe,-15.1961,12.1522,21.46,77,44,2.36,AO,1736450555
379,kaiama,9.6225,3.9481,27.06,15,2,2.37,NG,1736450556
380,kokpekty,48.75,82.4,-15.59,98,100,0.92,KZ,1736450558
381,meadow lakes,61.6247,-149.6011,3.62,66,100,1.66,US,1736450559
382,borogontsy,62.6683,131.1683,-34.29,98,99,1.52,RU,1736450560
383,soure,-0.7167,-48.5233,27.81,76,95,3.45,BR,1736450561
384,las khorey,11.1595,48.1967,23.88,65,5,3.86,SO,1736450562
385,usinsk,65.9939,57.5281,-7.95,93,100,7.98,RU,1736450565
386,dubove,48.1721,23.8895,7.23,88,100,1.77,UA,1736450566
387,alotau,-10.3069,150.4462,24.54,91,100,1.42,PG,1736450567
388,vila velha,-20.3297,-40.2925,25.97,90,75,3.09,BR,1736450568
389,salekhard,66.53,66.6019,-12.61,95,100,6.01,RU,1736450570
390,jamestown,42.097,-79.2353,-6.1,73,75,6.17,US,1736450571
391,kourou,5.1552,-52.6478,28.0,63,100,2.98,GF,1736450572
392,lata,40.1629,-8.3327,9.82,93,4,1.67,PT,1736450573
393,bonthe,7.5264,-12.505,27.63,78,100,4.66,SL,1736450574
394,burang,30.25,81.1667,-17.75,53,2,2.0,CN,1736450575
395,santa cruz,-17.8,-63.1667,31.03,66,40,2.57,BO,1736450577
396,st. john's,47.5649,-52.7093,1.65,78,75,7.2,CA,1736450578
397,richards bay,-28.783,32.0377,24.4,91,54,4.42,ZA,1736450579
398,hualien city,23.9769,121.6044,14.62,93,100,4.77,TW,1736450580
399,hau-ri,41.2006,129.4703,-11.83,63,2,2.02,KP,1736450581
400,khorixas,-20.3667,14.9667,22.58,28,100,7.07,NA,1736450583
401,gidam,18.9833,81.4,14.67,40,0,1.17,IN,1736450584
402,bahjoi,28.4,78.6167,9.99,42,0,1.46,IN,1736450585
403,kavaratti,10.5669,72.642,26.9,74,100,1.91,IN,1736450587
404,benghazi,32.1167,20.0667,17.06,70,9,3.74,LY,1736450588
405,galliano,29.4422,-90.2992,10.78,54,100,4.23,US,1736450589
406,kapuskasing,49.4169,-82.4331,-10.0,62,20,3.09,CA,1736450590
407,cidade velha,14.9167,-23.6167,24.26,60,0,7.2,CV,1736450591
408,dryden,49.7833,-92.7503,-7.84,86,100,3.6,CA,1736450592
409,pizarro,4.9533,-77.366,26.59,86,92,3.86,CO,1736450594
410,mossel bay,-34.1831,22.146,20.96,79,20,4.86,ZA,1736450595
411,conde,-7.2597,-34.9075,29.7,66,40,5.14,BR,1736450596
412,ouani,-12.1322,44.4258,26.94,86,79,2.87,KM,1736450597
413,huimanguillo,17.85,-93.3833,24.24,83,100,2.43,MX,1736450450
414,soio,-6.1349,12.3689,25.91,83,98,3.76,AO,1736450600
415,tateyama,34.9833,139.8667,5.01,55,20,13.7,JP,1736450601
416,colonia,50.9333,6.95,1.36,92,75,6.17,DE,1736450602
417,prineville,44.2999,-120.8345,0.73,100,20,4.63,US,1736450603
418,kulykivka,51.3735,31.6466,4.61,81,100,7.53,UA,1736450604
419,rakops,-21.0167,24.3333,24.98,65,100,2.4,BW,1736450605
420,happy valley-goose bay,53.3168,-60.3315,2.17,80,100,10.29,CA,1736450607
421,leninskoye,41.7589,69.3864,-7.38,70,0,2.11,KZ,1736450608
422,alice springs,-23.7,133.8833,22.75,49,21,0.0,AU,1736450382
423,ierapetra,35.01,25.7353,13.97,76,100,0.89,GR,1736450610
424,narasannapeta,18.4167,84.05,18.34,73,0,2.59,IN,1736450611
425,nouadhibou,20.931,-17.0347,17.99,52,0,5.66,MR,1736450612
426,darwin,-12.4611,130.8418,26.61,95,100,0.51,AU,1736450383
427,hobyo,5.3505,48.5268,24.72,76,8,8.13,SO,1736450615
428,hola,51.5377,23.1902,5.75,93,98,4.82,PL,1736450616
429,salalah,17.0151,54.0924,22.05,64,0,1.54,OM,1736450617
430,eureka,40.8021,-124.1637,15.14,79,0,0.45,US,1736450584
431,gargalianoi,37.0667,21.6333,12.59,86,18,1.25,GR,1736450620
432,loiza,18.4313,-65.8802,27.23,78,37,2.41,PR,1736450621
433,canal winchester,39.8428,-82.8046,-2.69,70,75,1.54,US,1736450622
434,jimma,7.6667,36.8333,20.86,40,95,0.63,ET,1736450623
435,funafuti,-8.5243,179.1942,29.0,74,75,6.17,TV,1736450624
436,remire-montjoly,4.9167,-52.2667,28.02,74,98,1.54,GF,1736450626
437,navolato,24.7672,-107.6944,21.1,34,2,4.73,MX,1736450627
438,rudnichnyy,59.617,52.4703,-2.27,84,91,5.78,RU,1736450628
439,great falls,47.5002,-111.3008,2.25,77,0,5.66,US,1736450629
440,katsuren-haebaru,26.3369,127.8719,14.21,60,100,7.2,JP,1736450630
441,qandala,11.472,49.8728,23.39,71,2,2.58,SO,1736450631
442,jiagedaqi,50.4167,124.1167,-26.14,98,14,1.91,CN,1736450633
443,corn island,12.1694,-83.0418,26.18,79,84,10.91,NI,1736450634
444,ca mau,9.1769,105.15,23.75,85,100,1.42,VN,1736450635
445,buon ma thuot,12.6667,108.05,19.15,74,6,4.57,VN,1736450637
446,sittwe,20.15,92.9,18.36,67,0,3.06,MM,1736450409
447,kavieng,-2.5744,150.7967,27.68,79,100,3.97,PG,1736450640
448,portland,45.5234,-122.6762,9.49,68,20,5.36,US,1736450297
449,lautoka,-17.6167,177.4667,24.92,73,20,3.09,FJ,1736450642
450,cannonvale,-20.2833,148.7,25.66,79,24,2.3,AU,1736450643
451,booue,-0.0921,11.9385,24.03,93,12,0.63,GA,1736450645
452,cole harbour,44.6724,-63.4751,1.65,86,100,7.2,CA,1736450646
453,vilyuchinsk,52.9306,158.4028,-13.85,78,1,4.16,RU,1736450648
454,kulhudhuffushi,6.6221,73.07,27.17,80,67,7.03,MV,1736450649
455,souillac,-20.5167,57.5167,27.21,89,75,6.17,MU,1736450651
456,lebanon,36.2081,-86.2911,0.81,47,0,1.54,US,1736450652
457,isangel,-19.55,169.2667,23.88,72,0,3.95,VU,1736450653
458,haeju,38.0406,125.7147,-8.98,65,74,1.8,KP,1736450654
459,rabaul,-4.1967,152.1721,27.65,79,80,3.31,PG,1736450655
460,rio preto da eva,-2.6994,-59.6997,27.88,83,100,1.37,BR,1736450656
461,pagar alam,-4.0167,103.2667,20.25,96,100,0.12,ID,1736450658
462,argo,37.6333,22.7333,12.65,75,3,1.51,GR,1736450659
463,khandyga,62.6667,135.6,-38.86,99,59,1.31,RU,1736450660
464,tsiombe,-25.3,45.4833,24.94,88,72,1.96,MG,1736450661
465,cambria,35.5641,-121.0808,16.37,40,0,1.99,US,1736450662
466,kushiro,42.975,144.3747,-8.47,79,100,3.09,JP,1736450663
467,kaedi,16.1465,-13.5047,29.77,13,0,4.63,MR,1736450665
468,san borja,-14.8167,-66.85,25.76,93,100,1.96,BO,1736450666
469,lubang,13.8584,120.124,26.35,76,56,10.68,PH,1736450667
470,nar'yan-mar,67.6713,53.087,-7.15,95,100,5.04,RU,1736450668
471,medicine hat,50.0501,-110.6683,-0.64,70,0,5.14,CA,1736450669
472,nuuk,64.1835,-51.7216,-4.66,74,100,7.72,GL,1736450670
473,palasa,18.7667,84.4167,17.6,73,0,2.19,IN,1736450672
474,uturoa,-16.7333,-151.4333,28.17,74,100,5.34,PF,1736450673
475,puerto baquerizo moreno,-0.9,-89.6,29.55,66,40,6.17,EC,1736450674
476,paita,-5.0892,-81.1144,24.55,70,35,7.0,PE,1736450675
477,juan griego,11.0817,-63.9655,29.31,54,11,4.5,VE,1736450676
478,tarnova,46.3167,21.8,11.08,76,95,4.53,RO,1736450677
479,pirallahi,40.4723,50.333,6.08,87,0,4.17,AZ,1736450679
480,al burayqah,30.4062,19.5739,16.87,66,1,5.07,LY,1736450680
481,hadibu,12.65,54.0333,22.85,70,1,5.59,YE,1736450681
482,megion,61.0296,76.1136,-18.99,96,100,5.95,RU,1736450682
483,belmonte,-15.8631,-38.8828,26.01,84,100,3.11,BR,1736450683
484,gizo,-8.103,156.8419,27.83,79,93,3.14,SB,1736450684
485,cill airne,52.05,-9.5167,-0.33,92,100,2.09,IE,1736450686
486,amos,48.5669,-78.1162,-12.12,85,100,3.83,CA,1736450687
487,mili,6.0815,171.735,27.84,76,100,8.68,MH,1736450688
488,ugoofaaru,5.6667,73.0,26.96,81,98,6.04,MV,1736450689
489,san juan,-31.5375,-68.5364,33.69,25,4,5.52,AR,1736450690
490,namtsy,62.7161,129.6658,-33.07,97,96,1.18,RU,1736450692
491,acapulco de juarez,16.8634,-99.8901,28.9,70,75,5.14,MX,1736450675
492,prieska,-29.6641,22.7474,30.17,14,47,6.54,ZA,1736450694
493,nhamunda,-2.1861,-56.7131,32.42,53,68,1.31,BR,1736450695
494,kokologo,12.1897,-1.8856,25.08,16,14,4.27,BF,1736450696
495,pokhara,28.2333,83.9833,8.55,65,0,1.78,NP,1736450594
496,novyy urgal,51.0736,132.5642,-30.12,99,12,0.82,RU,1736450699
497,baie-saint-paul,47.4411,-70.4986,1.1,64,100,4.02,CA,1736450700
498,grand falls-windsor,48.9332,-55.6649,0.28,93,100,3.56,CA,1736450701
499,gaspe,48.8334,-64.4819,2.12,93,100,4.12,CA,1736450702
500,kingston,17.997,-76.7936,28.98,65,20,4.12,JM,1736450412
501,tarauaca,-8.1614,-70.7656,31.39,55,77,1.58,BR,1736450705
502,plastun,44.7561,136.2939,-13.87,68,95,5.64,RU,1736450706
503,recani,31.2846,-4.2688,14.57,28,0,1.29,MA,1736450707
504,mataram,-8.5833,116.1167,26.26,88,100,1.64,ID,1736450708
505,luwuk,-0.9516,122.7875,22.48,90,40,2.05,ID,1736450709
506,wynyard,-41.0,145.7167,15.66,87,100,4.47,AU,1736450416
507,boyolangu,-8.1181,111.8935,24.4,94,100,0.5,ID,1736450712
508,calugareni,44.1717,25.9956,11.24,79,0,0.6,RO,1736450713
509,borzya,50.3833,116.5167,-26.82,98,96,1.01,RU,1736450714
510,luganville,-15.5333,167.1667,25.52,85,52,1.93,VU,1736450715
511,dalandzadgad,43.5708,104.425,-10.47,72,96,0.63,MN,1736450716
512,revda,56.801,59.9303,-1.72,90,100,7.73,RU,1736450717
513,urmary,55.6789,47.944,-2.5,94,100,4.7,RU,1736450719
514,bela vista,-22.1089,-56.5211,40.42,14,1,3.78,BR,1736450720
515,buayan,6.1164,125.2347,26.23,82,99,1.72,PH,1736450721
516,manismata,-2.4667,111.0333,23.72,99,92,0.9,ID,1736450722
517,kangding,30.0513,101.9603,-3.85,94,88,0.85,CN,1736450723
518,minbu,20.1833,94.8833,18.31,61,0,1.33,MM,1736450725
519,stornoway,58.2093,-6.3865,1.98,84,40,5.14,GB,1736450726
520,inari,68.906,27.0288,-23.54,100,27,1.76,FI,1736450727
521,konarka,19.9,86.1167,18.63,67,0,2.47,IN,1736450728
522,dapa,9.7594,126.0531,26.24,84,100,0.99,PH,1736450731
523,bhatgaon,21.15,81.7,14.83,31,3,1.35,IN,1736450732
524,kapit,2.0167,112.9333,23.38,100,100,0.65,MY,1736450733
525,swift current,50.2834,-107.8014,-5.55,86,0,6.69,CA,1736450734
526,ocean shores,46.9737,-124.1563,11.08,80,0,5.66,US,1736450735
527,bikenibeu village,1.3673,173.1241,26.98,89,40,2.57,KI,1736450736
528,labunista,41.2686,20.5961,7.71,87,40,2.06,MK,1736450738
529,malegaon,20.55,74.5333,18.42,37,97,0.49,IN,1736450739
530,galappo,-4.2667,35.85,17.91,84,100,1.16,TZ,1736450740
531,shalya,57.2471,58.7298,-2.25,93,100,7.61,RU,1736450742
532,krivosheino,57.3431,83.9261,-22.38,100,100,1.71,RU,1736450743
533,talara,-4.5772,-81.2719,25.42,61,40,6.17,PE,1736450744
534,idfu,24.9803,32.8747,17.82,39,0,1.6,EG,1736450745
535,kataba,8.4604,-0.7732,31.38,14,2,0.53,GH,1736450746
536,khanbari,27.3747,87.2039,10.69,83,3,0.87,NP,1736450748
537,nishinoomote,30.7333,131.0,7.83,82,100,16.3,JP,1736450651
538,sojat,25.9167,73.6667,15.31,36,0,3.67,IN,1736450750
539,mantua,45.1667,10.7833,7.34,97,100,0.89,IT,1736450751
540,el calafate,-50.3408,-72.2768,13.63,41,12,4.85,AR,1736450752
541,sao joao da barra,-21.6403,-41.0511,25.05,77,24,7.9,BR,1736450754
542,nili,33.7218,66.1302,-3.0,40,100,2.07,AF,1736450755
543,choibalsan,48.0667,114.5,-14.76,59,100,4.33,MN,1736450756
544,zakynthos,37.7914,20.8953,14.82,81,0,3.09,GR,1736450757
545,camabatela,-8.1881,15.375,17.38,97,89,1.47,AO,1736450758
546,itupiranga,-5.1347,-49.3267,26.42,96,65,1.32,BR,1736450761
547,aoulef,26.9667,1.0833,17.48,16,0,3.81,DZ,1736450762
548,talcahuano,-36.7167,-73.1167,22.82,56,0,8.23,CL,1736450763
549,sanctuary point,-35.1114,150.629,17.87,96,100,3.71,AU,1736450764
550,mao,39.8885,4.2658,14.31,72,0,2.57,ES,1736450765
551,korla,41.7597,86.1469,-4.44,88,99,2.11,CN,1736450766
552,horqueta,-23.3428,-57.0597,40.62,12,0,2.41,PY,1736450768
553,la paz,-16.5,-68.15,13.99,82,75,2.06,BO,1736450769
554,sainte-anne-des-monts,49.124,-66.4924,1.93,87,100,11.32,CA,1736450770
555,butembo,0.15,29.2833,19.57,48,100,0.61,CD,1736450771
556,cody,44.5263,-109.0565,1.78,57,0,0.45,US,1736450671
557,buritis,-15.6178,-46.4233,23.15,93,100,1.39,BR,1736450773
558,abhar,36.1468,49.218,1.04,69,0,1.13,IR,1736450775
559,lakatoro,-16.0999,167.4164,25.45,82,14,2.97,VU,1736450776
560,rabo de peixe,37.8,-25.5833,17.73,94,40,6.17,PT,1736450777
561,kani keli,-12.9536,45.1033,26.59,71,92,1.59,YT,1736450778
562,ar ruways,24.1103,52.7306,18.39,73,0,5.6,AE,1736450780
563,ayancik,41.9447,34.5861,12.54,67,0,1.91,TR,1736450781
564,napier,-39.4833,176.9167,13.49,71,2,2.68,NZ,1736450782
565,mirnyy,62.5353,113.9611,-17.3,94,100,3.01,RU,1736450783
566,castillos,-34.1667,-53.8333,25.42,49,100,5.86,UY,1736450784
567,tarawa,1.419,172.984,27.05,89,40,2.57,KI,1736450785
568,karratha,-20.7377,116.8463,30.66,66,97,6.64,AU,1736450786
569,pingliang,35.5392,106.6861,-5.01,41,64,2.69,CN,1736450788
570,puerto deseado,-47.7503,-65.8938,13.73,48,0,6.44,AR,1736450789
571,okahao,-17.885,15.0667,28.52,34,100,6.05,NA,1736450790
572,shingu,33.7333,135.9833,-0.23,68,14,6.4,JP,1736450791
573,mejit,10.2753,170.8646,26.95,79,29,10.01,MH,1736450792
574,salinas,36.6777,-121.6555,20.46,52,0,3.09,US,1736450794
575,bubaque,11.2833,-15.8333,25.84,73,0,6.6,GW,1736450795
576,ambon,-3.6954,128.1814,28.27,100,40,1.03,ID,1736450796
577,cinarcik,40.6412,29.146,12.42,73,76,1.76,TR,1736450797
578,starokozache,46.3372,29.9853,7.43,89,4,3.81,UA,1736450798
579,meadow lake,34.8014,-106.5436,0.37,77,100,8.97,US,1736450799
580,vilyuysk,63.7553,121.6247,-23.0,95,100,1.42,RU,1736450801
581,saldanha,-33.0117,17.9442,21.03,88,56,2.49,ZA,1736450802
582,valley city,46.9233,-98.0032,-0.71,86,100,7.2,US,1736450803
583,chulucanas,-5.0925,-80.1625,32.9,42,99,2.29,PE,1736450804
584,volchikha,52.0333,80.3833,-6.52,95,100,5.45,RU,1736450805
585,ha dong,20.9725,105.7772,16.01,44,100,5.72,VN,1736450806
586,khanpur,28.6453,70.6567,15.06,17,0,4.21,PK,1736450808
587,kota bharu,6.1333,102.2386,25.97,78,20,1.54,MY,1736450809
588,quixada,-4.9714,-39.0153,31.7,45,100,3.67,BR,1736450810
589,oppdal,62.5943,9.6912,-12.98,88,85,3.13,NO,1736450953
590,gurupa,-1.405,-51.64,31.09,56,99,2.21,BR,1736450954
591,adrar,20.5022,-10.0711,18.77,13,0,5.16,MR,1736450956
592,mogocha,53.7333,119.7667,-24.91,95,5,1.66,RU,1736450957
593,conceicao do coite,-11.5639,-39.2828,26.08,66,100,3.45,BR,1736450958
594,woolgoolga,-30.1106,153.2007,18.93,83,97,1.25,AU,1736450959
595,chivhu,-19.0211,30.8922,18.14,94,100,2.53,ZW,1736450960
